<?xml version="1.0" encoding="UTF-8" standalone="no"?>
<launchConfiguration type="org.eclipse.ant.AntLaunchConfigurationType">
<stringAttribute key="bad_container_name" value=".externalToolBuilders"/>
<booleanAttribute key="org.eclipse.ant.ui.DEFAULT_VM_INSTALL" value="false"/>
<listAttribute key="org.eclipse.debug.core.MAPPED_RESOURCE_PATHS"/>
<listAttribute key="org.eclipse.debug.core.MAPPED_RESOURCE_TYPES"/>
<booleanAttribute key="org.eclipse.debug.ui.ATTR_LAUNCH_IN_BACKGROUND" value="false"/>
<listAttribute key="org.eclipse.jdt.launching.CLASSPATH">
<listEntry value="&lt;?xml version=&quot;1.0&quot; encoding=&quot;UTF-8&quot; standalone=&quot;no&quot;?&gt;&#10;&lt;runtimeClasspathEntry containerPath=&quot;org.eclipse.jdt.launching.JRE_CONTAINER/org.eclipse.jdt.internal.debug.ui.launcher.StandardVMType/java-1.5.0-sun-1.5.0.18&quot; path=&quot;1&quot; type=&quot;4&quot;/&gt;&#10;"/>
<listEntry value="&lt;?xml version=&quot;1.0&quot; encoding=&quot;UTF-8&quot; standalone=&quot;no&quot;?&gt;&#10;&lt;runtimeClasspathEntry id=&quot;org.eclipse.ant.ui.classpathentry.antHome&quot;&gt;&#10;&lt;memento default=&quot;true&quot;/&gt;&#10;&lt;/runtimeClasspathEntry&gt;&#10;"/>
<listEntry value="&lt;?xml version=&quot;1.0&quot; encoding=&quot;UTF-8&quot; standalone=&quot;no&quot;?&gt;&#10;&lt;runtimeClasspathEntry id=&quot;org.eclipse.ant.ui.classpathentry.extraClasspathEntries&quot;&gt;&#10;&lt;memento/&gt;&#10;&lt;/runtimeClasspathEntry&gt;&#10;"/>
</listAttribute>
<stringAttribute key="org.eclipse.jdt.launching.CLASSPATH_PROVIDER" value="org.eclipse.ant.ui.AntClasspathProvider"/>
<booleanAttribute key="org.eclipse.jdt.launching.DEFAULT_CLASSPATH" value="false"/>
<stringAttribute key="org.eclipse.jdt.launching.PROJECT_ATTR" value=""/>
<stringAttribute key="org.eclipse.jdt.launching.SOURCE_PATH_PROVIDER" value="org.eclipse.ant.ui.AntClasspathProvider"/>
<stringAttribute key="org.eclipse.ui.externaltools.ATTR_ANT_TARGETS" value="all,"/>
<stringAttribute key="org.eclipse.ui.externaltools.ATTR_LAUNCH_CONFIGURATION_BUILD_SCOPE" value="${none}"/>
<stringAttribute key="org.eclipse.ui.externaltools.ATTR_LOCATION" value="${workspace_loc:/Calculang0}/build.main.xml"/>
<booleanAttribute key="org.eclipse.ui.externaltools.ATTR_TRIGGERS_CONFIGURED" value="true"/>
<stringAttribute key="org.eclipse.ui.externaltools.ATTR_WORKING_DIRECTORY" value="${workspace_loc:/Calculang0}"/>
<stringAttribute key="process_factory_id" value="org.eclipse.ant.ui.remoteAntProcessFactory"/>
</launchConfiguration>
